[
    {
        "displayName": "My Owner",
        "vcard": "BEGIN:VCARD\nVERSION:3.0\nFN:My Owner\nN:My Owner;;;\nTEL;waid=6281385486377:6281385486377\nEMAIL;TYPE=WORK:ryzennnstore@gmail.com\nADR;TYPE=HOME:;;11 Naitōmachi;Shinjuku City;Tokyo 160-0014;Jepang\nURL;TYPE=WORK:https://www.de4you.id\nORG:Science, Technology, Engineering\nTITLE:Science, Technology, Engineering\nNOTE:Ada\nEND:VCARD"
    },
    {
        "displayName": "My Owner",
        "vcard": "BEGIN:VCARD\nVERSION:3.0\nFN:My Owner\nN:My Owner;;;\nTEL;waid=6281385486377:6281385486377\nEMAIL;TYPE=WORK:admin@de4you.id\nADR;TYPE=HOME:;;11 Naitōmachi;Shinjuku City;Tokyo 160-0014;Jepang\nURL;TYPE=WORK:https://www.de4you.id\nORG:Science, Technology, Engineering\nTITLE:Science, Technology, Engineering\nNOTE:Ada\nEND:VCARD"
    },
    {
        "displayName": "My Owner",
        "vcard": "BEGIN:VCARD\nVERSION:3.0\nFN:My Owner\nN:My Owner;;;\nTEL;waid=6281385486377:6281385486377\nEMAIL;TYPE=WORK:admin@company.com\nADR;TYPE=HOME:;;11 Naitōmachi;Shinjuku City;Tokyo 160-0014;Jepang\nURL;TYPE=WORK:https://www.de4you.id\nORG:Science, Technology, Engineering\nTITLE:Science, Technology, Engineering\nNOTE:Ada\nEND:VCARD"
    }
]
